Workbook

Sheet B1
C2: THÔNG TIN PHỤ CẤP
A3: STT | B3: Mã NV | C3: Ten NV | D3: Giới tính | E3: Chức vụ | F3: Phòng ban | G3: Phụ cấp chức vụ | H3: Tổng phụ cấp nhân viên Nữ | I3: Tổng phụ cấp nhân viên Nữ phòng Kinh doanh
A4: 1 | B4: A | C4: Đinh Quang Vũ | D4: Nam | E4: GĐ | F4: =HLOOKUP(B4,$H$18:$J$19,2,0) -> Kế hoạch | G4: =VLOOKUP(E4,$B$18:$C$23,2,0) -> 5000000 | H4: =SUMIF($D$4:$D$13,"Nữ",G4:G13) -> 7300000 | I4: =SUMIFS($G$4:$G$13,$D$4:$D$13,"Nữ",$F$4:$F$13,"Kinh doanh") -> 3300000
A5: 2 | B5: B | C5: Nguyễn Khả Hân | D5: Nữ | E5: PGĐ | F5: =HLOOKUP(B5,$H$18:$J$19,2,0) -> Hành chính | G5: =VLOOKUP(E5,$B$18:$C$23,2,0) -> 4000000
A6: 3 | B6: C | C6: Phạm Ngọc Ánh Hồng | D6: Nữ | E6: NV | F6: =HLOOKUP(B6,$H$18:$J$19,2,0) -> Kinh doanh | G6: =VLOOKUP(E6,$B$18:$C$23,2,0) -> 1000000
A7: 4 | B7: C | C7: Nguyễn Thảo Linh | D7: Nữ | E7: TP | F7: =HLOOKUP(B7,$H$18:$J$19,2,0) -> Kinh doanh | G7: =VLOOKUP(E7,$B$18:$C$23,2,0) -> 300000
A8: 5 | B8: A | C8: Lê Bá Hậu | D8: Nam | E8: NV | F8: =HLOOKUP(B8,$H$18:$J$19,2,0) -> Kế hoạch | G8: =VLOOKUP(E8,$B$18:$C$23,2,0) -> 1000000
A9: 6 | B9: B | C9: Lê Minh Tú | D9: Nam | E9: PGĐ | F9: =HLOOKUP(B9,$H$18:$J$19,2,0) -> Hành chính | G9: =VLOOKUP(E9,$B$18:$C$23,2,0) -> 4000000
A10: 7 | B10: A | C10: Nguyễn Hoàng Nhân | D10: Nam | E10: PGĐ | F10: =HLOOKUP(B10,$H$18:$J$19,2,0) -> Kế hoạch | G10: =VLOOKUP(E10,$B$18:$C$23,2,0) -> 4000000
A11: 8 | B11: B | C11: Nguyễn Hữu Chung | D11: Nam | E11: NV | F11: =HLOOKUP(B11,$H$18:$J$19,2,0) -> Hành chính | G11: =VLOOKUP(E11,$B$18:$C$23,2,0) -> 1000000
A12: 9 | B12: C | C12: Trần Thị Ngọc Trúc | D12: Nữ | E12: PP | F12: =HLOOKUP(B12,$H$18:$J$19,2,0) -> Kinh doanh | G12: =VLOOKUP(E12,$B$18:$C$23,2,0) -> 2000000
A13: 10 | B13: A | C13: Nguyễn Trọng Hữu | D13: Nam | E13: PGĐ | F13: =HLOOKUP(B13,$H$18:$J$19,2,0) -> Kế hoạch | G13: =VLOOKUP(E13,$B$18:$C$23,2,0) -> 4000000
B17: PHỤ CẤP CHỨC VỤ | G17: TÊN PHÒNG BAN
B18: CHỨC VỤ | C18: PHỤ CẤP | G18: MÃ | H18: A | I18: B | J18: C
B19: GĐ | C19: 5000000 | G19: Tên phòng | H19: Kế hoạch | I19: Hành chính | J19: Kinh doanh
B20: PGĐ | C20: 4000000
B21: TP | C21: 300000
B22: PP | C22: 2000000
B23: NV | C23: 1000000
A26: 1) Dựa vào Mã NV dùng hàm tham chiếu đến bảng TÊN PHÒNG BAN điền thông tin vào cột Phòng ban tại bảng THÔNG TIN PHỤ CẤP
A27: 2) Dựa vào chức vụ tham chiếu đến bảng PHỤ CẤP CHỨC VỤ điền thông tin vào cột Phu cấp chức vụ tại bảng THÔNG TIN PHỤ CẤP
A28: 3) Tính tổng tiền phụ cấp của nhân viên Nữ
A29: 4) Tính tổng tiền phụ cấp của nhân viên Nữ phòng Kinh Doanh

Sheet B2
A3: TT | B3: MSSV | C3: Họ và tên | D3: Labs
D4: 1 | E4: 2 | F4: 3 | G4: 4
A6: 1 | B6: PS01885 | C6: LÊ NGỌC TRUNG | D6: =VLOOKUP(B6,'Điểm Lab1,2'!$A$4:$C$40,2,0) -> 0 | E6: =VLOOKUP(B6,'Điểm Lab1,2'!$A$4:$C$40,3,0) -> 0 | F6: =HLOOKUP(B6,'Điểm Lab3,4'!$D$2:$AN$5,3,0) -> 0 | G6: =HLOOKUP(B6,'Điểm Lab3,4'!$D$2:$AN$5,4,0) -> 0
A7: 2 | B7: PS01892 | C7: LÊ SĨ NGUYÊN | D7: =VLOOKUP(B7,'Điểm Lab1,2'!$A$4:$C$40,2,0) -> 0 | E7: =VLOOKUP(B7,'Điểm Lab1,2'!$A$4:$C$40,3,0) -> 0 | F7: =HLOOKUP(B7,'Điểm Lab3,4'!$D$2:$AN$5,3,0) -> 0 | G7: =HLOOKUP(B7,'Điểm Lab3,4'!$D$2:$AN$5,4,0) -> 6
A8: 3 | B8: PS02631 | C8: Mai Nguyên Vỹ | D8: =VLOOKUP(B8,'Điểm Lab1,2'!$A$4:$C$40,2,0) -> 9 | E8: =VLOOKUP(B8,'Điểm Lab1,2'!$A$4:$C$40,3,0) -> 8 | F8: =HLOOKUP(B8,'Điểm Lab3,4'!$D$2:$AN$5,3,0) -> 7.5 | G8: =HLOOKUP(B8,'Điểm Lab3,4'!$D$2:$AN$5,4,0) -> 9
A9: 4 | B9: PS02765 | C9: Phạm Đức Tuấn | D9: =VLOOKUP(B9,'Điểm Lab1,2'!$A$4:$C$40,2,0) -> 8 | E9: =VLOOKUP(B9,'Điểm Lab1,2'!$A$4:$C$40,3,0) -> 8 | F9: =HLOOKUP(B9,'Điểm Lab3,4'!$D$2:$AN$5,3,0) -> 0 | G9: =HLOOKUP(B9,'Điểm Lab3,4'!$D$2:$AN$5,4,0) -> 7
A10: 5 | B10: PS03550 | C10: Đinh Văn Ngọc Hùng | D10: =VLOOKUP(B10,'Điểm Lab1,2'!$A$4:$C$40,2,0) -> 0 | E10: =VLOOKUP(B10,'Điểm Lab1,2'!$A$4:$C$40,3,0) -> 0 | F10: =HLOOKUP(B10,'Điểm Lab3,4'!$D$2:$AN$5,3,0) -> 0 | G10: =HLOOKUP(B10,'Điểm Lab3,4'!$D$2:$AN$5,4,0) -> 0
A11: 6 | B11: PS03782 | C11: Đoàn Minh Nhựt | D11: =VLOOKUP(B11,'Điểm Lab1,2'!$A$4:$C$40,2,0) -> 0 | E11: =VLOOKUP(B11,'Điểm Lab1,2'!$A$4:$C$40,3,0) -> 0 | F11: =HLOOKUP(B11,'Điểm Lab3,4'!$D$2:$AN$5,3,0) -> 0 | G11: =HLOOKUP(B11,'Điểm Lab3,4'!$D$2:$AN$5,4,0) -> 0
A12: 7 | B12: PS03945 | C12: Đinh Quang Vũ | D12: =VLOOKUP(B12,'Điểm Lab1,2'!$A$4:$C$40,2,0) -> 9 | E12: =VLOOKUP(B12,'Điểm Lab1,2'!$A$4:$C$40,3,0) -> 8.5 | F12: =HLOOKUP(B12,'Điểm Lab3,4'!$D$2:$AN$5,3,0) -> 7.5 | G12: =HLOOKUP(B12,'Điểm Lab3,4'!$D$2:$AN$5,4,0) -> 7.5
A13: 8 | B13: PS03946 | C13: Phạm Hữu Thịnh | D13: =VLOOKUP(B13,'Điểm Lab1,2'!$A$4:$C$40,2,0) -> 9 | E13: =VLOOKUP(B13,'Điểm Lab1,2'!$A$4:$C$40,3,0) -> 7 | F13: =HLOOKUP(B13,'Điểm Lab3,4'!$D$2:$AN$5,3,0) -> 9.5 | G13: =HLOOKUP(B13,'Điểm Lab3,4'!$D$2:$AN$5,4,0) -> 8.5
A14: 9 | B14: PS03948 | C14: Trần Thế Phước | D14: =VLOOKUP(B14,'Điểm Lab1,2'!$A$4:$C$40,2,0) -> 0 | E14: =VLOOKUP(B14,'Điểm Lab1,2'!$A$4:$C$40,3,0) -> 8 | F14: =HLOOKUP(B14,'Điểm Lab3,4'!$D$2:$AN$5,3,0) -> 9 | G14: =HLOOKUP(B14,'Điểm Lab3,4'!$D$2:$AN$5,4,0) -> 8
A15: 10 | B15: PS03950 | C15: Huỳnh Hữu Huy | D15: =VLOOKUP(B15,'Điểm Lab1,2'!$A$4:$C$40,2,0) -> 8 | E15: =VLOOKUP(B15,'Điểm Lab1,2'!$A$4:$C$40,3,0) -> 8 | F15: =HLOOKUP(B15,'Điểm Lab3,4'!$D$2:$AN$5,3,0) -> 9.5 | G15: =HLOOKUP(B15,'Điểm Lab3,4'!$D$2:$AN$5,4,0) -> 9.5
A16: 11 | B16: PS03957 | C16: Lê Bá Hậu | D16: =VLOOKUP(B16,'Điểm Lab1,2'!$A$4:$C$40,2,0) -> 0 | E16: =VLOOKUP(B16,'Điểm Lab1,2'!$A$4:$C$40,3,0) -> 0 | F16: =HLOOKUP(B16,'Điểm Lab3,4'!$D$2:$AN$5,3,0) -> 0 | G16: =HLOOKUP(B16,'Điểm Lab3,4'!$D$2:$AN$5,4,0) -> 0
A17: 12 | B17: PS03964 | C17: Lê Minh Tú | D17: =VLOOKUP(B17,'Điểm Lab1,2'!$A$4:$C$40,2,0) -> 8 | E17: =VLOOKUP(B17,'Điểm Lab1,2'!$A$4:$C$40,3,0) -> 5 | F17: =HLOOKUP(B17,'Điểm Lab3,4'!$D$2:$AN$5,3,0) -> 0 | G17: =HLOOKUP(B17,'Điểm Lab3,4'!$D$2:$AN$5,4,0) -> 9
... A42: 37 | B42: PS04082 | C42: Nguyễn Trần Phú | D42: =VLOOKUP(B42,'Điểm Lab1,2'!$A$4:$C$40,2,0) -> 6.5 | E42: =VLOOKUP(B42,'Điểm Lab1,2'!$A$4:$C$40,3,0) -> 7.5 | F42: =HLOOKUP(B42,'Điểm Lab3,4'!$D$2:$AN$5,3,0) -> 7 | G42: =HLOOKUP(B42,'Điểm Lab3,4'!$D$2:$AN$5,4,0) -> 7.5
B45: Yêu cầu điền thông tin điểm cho bảng trên:
B46: Điểm lab 1,2 lấy từ sheet có tên Điểm Lab1,2
B47: Điểm lab 3,4 lấy từ sheet có tên Điểm Lab3,4
B48: Tính tổng số điểm lab 1 của các sinh viên có lab 2 trên 5
B49: Tính tổng số điểm lab 2 của các sinh viên có lab 3 và lab 4 trên 5

Sheet Điểm Lab1,2
A1: MSSV | B1: Điểm LAB
B2: 1 | C2: 2
A4: PS01885 | B4: 0 | C4: 0
A5: PS01892 | B5: 0 | C5: 0
A6: PS02631 | B6: 9 | C6: 8
A7: PS02765 | B7: 8 | C7: 8
A8: PS03550 | B8: 0 | C8: 0
A9: PS03782 | B9: 0 | C9: 0
A10: PS03945 | B10: 9 | C10: 8.5
A11: PS03946 | B11: 9 | C11: 7
A12: PS03948 | B12: 0 | C12: 8
A13: PS03950 | B13: 8 | C13: 8
A14: PS03957 | B14: 0 | C14: 0
A15: PS03964 | B15: 8 | C15: 5
... A40: PS04082 | B40: 6.5 | C40: 7.5

Sheet Điểm Lab3,4
A2: MSSV | D2: PS01885 | E2: PS01892 | F2: PS02631 | G2: PS02765 | H2: PS03550 | I2: PS03782 | J2: PS03945 | K2: PS03946 | L2: PS03948 | M2: PS03950 | N2: PS03957 | O2: PS03964 | P2: PS03966 | Q2: PS03974 | R2: PS03975 | S2: PS03977 | T2: PS03982 | U2: PS03983 | V2: PS03984 | W2: PS03988 | X2: PS03995 | Y2: PS03996 | Z2: PS03999 | AA2: PS04019 | AB2: PS04030 | AC2: PS04032 | AD2: PS04035 | AE2: PS04044 | AF2: PS04049 | AG2: PS04055 | AH2: PS04058 | AI2: PS04060 | AJ2: PS04066 | AK2: PS04069 | AL2: PS04071 | AM2: PS04074 | AN2: PS04082
A3: Họ và tên | D3: LÊ NGỌC TRUNG | E3: LÊ SĨ NGUYÊN | F3: Mai Nguyên Vỹ | G3: Phạm Đức Tuấn | H3: Đinh Văn Ngọc Hùng | I3: Đoàn Minh Nhựt | J3: Đinh Quang Vũ | K3: Phạm Hữu Thịnh | L3: Trần Thế Phước | M3: Huỳnh Hữu Huy | N3: Lê Bá Hậu | O3: Lê Minh Tú | P3: Nguyễn Hoàng Nhân | Q3: Nguyễn Hữu Chung | R3: Đinh Tú Thuận | S3: Lê Nguyễn Trọng Hữu | T3: Ngô Anh Tú | U3: Nguyễn Văn Quang | V3: Nguyễn Văn Linh | W3: Hồ Trọng Tâm | X3: Nguyễn Trần Minh Mẫn | Y3: Hoàng Công Dy | Z3: Nguyễn Huy Phú | AA3: Phạm Đình Quốc An | AB3: Cao Thế Mạnh | AC3: Phạm Hoài Thương | AD3: Lê Nhựt Quang | AE3: Nguyễn Minh Duyên | AF3: Nguyễn Phước Lộc | AG3: Trương Minh Trí | AH3: Vòng Tuấn Xương | AI3: Vu Vạn Quang | AJ3: Hồ Xuân Huy | AK3: Lê Sỹ Thành | AL3: Trần Tường Duy | AM3: Huỳnh Thanh Sơn | AN3: Nguyễn Trần Phú
A4: Điểm LAB | B4: 3 | D4: 0 | E4: 0 | F4: 7.5 | G4: 0 | H4: 0 | I4: 0 | J4: 7.5 | K4: 9.5 | L4: 9 | M4: 9.5 | N4: 0 | O4: 0 | P4: 8 | Q4: 0 | R4: 7.5 | S4: 8 | T4: 7.5 | U4: 0 | V4: 10 | W4: 7.5 | X4: 0 | Y4: 8 | Z4: 0 | AA4: 0 | AB4: 0 | AC4: 7.5 | AD4: 0 | AE4: 10 | AF4: 6 | AG4: 6 | AH4: 0 | AI4: 8 | AJ4: 5.5 | AK4: 0 | AL4: 0 | AM4: 0 | AN4: 7
B5: 4 | D5: 0 | E5: 6 | F5: 9 | G5: 7 | H5: 0 | I5: 0 | J5: 7.5 | K5: 8.5 | L5: 8 | M5: 9.5 | N5: 0 | O5: 9 | P5: 9 | Q5: 0 | R5: 5 | S5: 9.5 | T5: 8.5 | U5: 6.5 | V5: 9.5 | W5: 7.5 | X5: 0 | Y5: 8.5 | Z5: 0 | AA5: 0 | AB5: 8 | AC5: 7 | AD5: 6 | AE5: 9 | AF5: 8.5 | AG5: 7 | AH5: 8.5 | AI5: 9 | AJ5: 8 | AK5: 8 | AL5: 8 | AM5: 7 | AN5: 7.5
